donor,media,day,real,centerX,centerY,radiusMicrons,nNuclei,totalIntensity,areaPxSq,normalizedIntensity,normI-BG,totalI-BG
1,1,21,1,1952.176711,377.5063296,24.68004107,2,1209470119,18687.08978,64722.2298,322.2298035,6021537.267
1,1,21,1,1735.377678,409.0400551,10.9971886,1,240177760,3710.336193,64732.0748,332.0748038,1232109.163
1,1,21,1,1794.473771,580.0043577,14.68321,4,428358280,6614.422561,64761.25105,361.2510504,2389467.098
1,1,21,1,2405.718497,956.6856799,18.78772545,3,701274603,10829.24867,64757.45681,357.4568052,3870988.633
1,1,21,1,142.4719482,1279.829819,7.102070955,1,99846204,1547.461775,64522.56568,122.5656787,189665.7027
1,1,21,1,2285.724925,1587.043324,8.942039455,2,158682502,2453.144212,64685.3541,285.3541005,700014.7599
1,1,21,1,2316.090487,724.0426391,16.05391778,2,511647337,7907.004481,64708.11269,308.11269,2436248.421
1,1,21,1,193.762019,1753.161408,23.34333131,3,1082841639,16717.66368,64772.3067,372.3066953,6224098.118
1,1,21,1,788.3092035,115.7338971,14.69807118,2,428851168,6627.818521,64704.72398,304.7239845,2019655.268
1,1,21,1,2304.458317,1332.404546,16.46086302,3,537410990,8312.949034,64647.45397,247.453968,2057072.224
1,1,21,1,2260.772351,1534.393835,18.79851557,3,702697266,10841.69109,64814.35967,414.3596654,4492359.494
1,1,21,1,458.982195,1608.80443,25.09768863,3,1253135906,19324.90511,64845.64341,445.643414,8612016.69
1,1,21,1,2409.302258,1442.234712,11.60510621,3,267471763,4131.884327,64733.6038,333.6038017,1378412.32
1,1,21,1,2432.576955,2090.602357,10.44650443,2,216945517,3348.049741,64797.57883,397.5788327,1331113.708
1,1,21,1,607.752563,1559.149974,11.03532931,2,242235367,3736.117374,64836.12337,436.123372,1629408.107
1,1,21,1,837.8700782,1295.292691,12.55718819,2,313323923,4837.653089,64767.75355,367.7535495,1779064.095
1,1,21,1,469.9913454,443.8210637,18.77687937,2,700392228,10816.7489,64750.71523,350.7152267,3793598.545
1,1,21,1,230.4759493,1338.888577,6.195846141,1,75696737,1177.744718,64272.61854,-127.3814566,-150022.8377
1,1,21,1,665.5949753,1042.409169,20.44266226,4,832000874,12821.08629,64893.16545,493.1654476,6322916.76
1,1,21,1,1700.454186,233.2271161,16.87165716,2,565066109,8733.038998,64704.40693,304.4069265,2658397.56
1,1,21,1,986.2432848,1725.455568,18.96622445,1,714862529,11035.9999,64775.51066,375.5106562,4144135.564
1,1,21,1,2258.395481,1208.529581,9.033397012,2,161431236,2503.52603,64481.54884,81.54883955,204159.6426
1,1,21,1,25.45821684,506.7021405,7.307412097,1,106026515,1638.238453,64719.83049,319.8304891,523958.6057
1,1,21,1,70.10005175,1860.221178,7.799489219,1,121056202,1866.30337,64864.16086,464.1608576,866264.9728
1,1,21,1,426.3162637,1471.316072,11.02805034,2,241450135,3731.190269,64711.28985,311.2898513,1161481.664
1,1,21,1,954.9712866,1883.69431,11.07902937,1,243864786,3765.766117,64758.34622,358.3462244,1349448.07
1,1,21,1,1218.477642,1305.975328,12.28586869,1,299548885,4630.860031,64685.36795,285.367946,1321499.015
1,1,21,1,1229.622997,119.6055158,14.88880654,4,439722714,6800.951687,64656.05613,256.0561267,1741425.347
1,1,21,1,1437.006748,318.5416793,12.23289598,1,297547786,4591.012566,64810.92824,410.9282409,1886576.718
1,1,21,1,835.743735,1534.754728,15.75591928,2,493045010,7616.183693,64736.49138,336.4913794,2562780.157
1,1,21,1,540.0389251,1176.606005,10.17617232,2,205794086,3177.011749,64775.99147,375.9914746,1194529.333
1,1,21,1,2140.785282,1258.706962,11.6299312,1,268486315,4149.580624,64702.03602,302.0360174,1253322.806
1,1,21,1,2420.822678,2007.982082,12.65046987,1,318047356,4909.793528,64778.15293,378.1529291,1856652.804
1,1,21,1,2008.210496,1812.980417,20.2494615,3,816245860,12579.89085,64884.97157,484.9715711,6100889.429
1,1,21,1,304.0396282,782.0389961,20.98690089,2,875647641,13512.83704,64801.16934,401.1693378,5420935.885
1,1,21,1,2075.89143,2088.289627,8.057747087,3,128982002,1991.944251,64751.81316,351.8131609,700792.2035
1,1,21,1,892.7534747,1434.202697,8.880936302,2,156405681,2419.732883,64637.58133,237.5813328,574883.3632
1,1,21,1,281.5851282,438.8268586,15.65099001,1,486231674,7515.078899,64700.80761,300.8076067,2260592.898
1,1,21,1,858.3644856,1418.159265,13.31591601,1,351984329,5439.913709,64704.02802,304.0280155,1653886.169
1,1,21,1,1155.598339,613.2411899,21.6296734,3,930173568,14353.23646,64805.84156,405.8415618,5825139.903
1,1,21,1,1562.670645,365.9737029,13.55152658,1,365029549,5634.123451,64789.05764,389.0576397,2191998.771
1,1,21,1,195.784848,1447.574375,16.42383124,1,534272606,8275.588052,64560.0775,160.077501,1324735.455
1,1,21,1,1349.797149,1758.556101,26.763998,8,1425791111,21976.16431,64878.97939,478.9793872,10526129.71
1,1,21,1,1876.011877,746.9880717,10.14434519,2,203853334,3157.1699,64568.37626,168.3762636,531592.4711
1,1,21,1,787.3598929,390.0000038,14.74666584,2,432443745,6671.716672,64817.46247,417.4624741,2785191.348
1,1,21,1,1991.057342,2007.558184,11.36098001,1,256409034,3959.875276,64751.79549,351.795487,1393066.251
1,1,21,1,470.5616859,945.6037886,11.31746644,1,253574967,3929.600012,64529.46006,129.4600608,508726.2563
1,1,21,1,1115.743129,1368.432957,12.58416721,1,314215473,4858.462741,64673.84639,273.8463941,1330472.502
1,1,21,1,639.2750786,197.1812692,9.009164883,1,161192700,2490.112605,64733.09668,333.096683,829448.249
1,1,21,1,1175.722449,2035.321478,9.24223763,1,170112346,2620.620761,64912.9964,512.9963951,1344369.003
1,1,21,1,449.8135911,1241.893752,20.46902097,3,832677519,12854.17055,64778.78258,378.7825777,4868935.853
1,1,21,1,1289.384331,277.0267774,17.08649058,6,580381438,8956.857376,64797.44107,397.441068,3559822.962
1,1,21,1,1564.42139,533.6549353,26.59476401,7,1405201147,21699.12382,64758.42798,358.4279802,7777573.123
1,0,21,1,1064.557588,2023.035428,17.65283362,1,620028282,9560.459635,64853.39677,452.3967692,4325121.051
1,0,21,1,92.63631197,485.7504224,9.845703797,2,191794129,2974.017011,64489.92333,88.92333315,264459.5054
1,0,21,1,2507.133136,2037.406156,9.446970874,2,176630949,2738.010245,64510.69689,109.696893,300351.2169
1,0,21,1,2101.563714,1501.93183,11.26446409,3,251997106,3892.879722,64732.82609,331.8260881,1291759.05
1,0,21,1,321.7759087,810.8119761,12.0099256,2,286165909,4425.176019,64667.68954,266.6895434,1180148.172
1,0,21,1,2268.524099,422.2773602,9.712736305,1,186326671,2894.230475,64378.65698,-22.34301844,-64665.84489
1,0,21,1,1473.847058,626.0259326,18.70769252,3,695955789,10737.18318,64817.3527,416.3526975,4470455.179
1,0,21,1,2017.656942,558.2201612,9.752268506,2,188394254,2917.83827,64566.37982,165.3798155,482551.5549
1,0,21,1,2297.387069,1073.768107,9.534573219,1,179866044,2789.025162,64490.64944,89.64944099,250034.5467
1,0,21,1,1585.726061,628.0865536,10.65382355,2,224622825,3482.257765,64504.93909,103.9390877,361942.6951
1,0,21,1,363.2268945,49.15567416,11.86373732,1,278240890,4318.10263,64435.91406,34.91406301,150762.5073
1,0,21,1,2507.908069,1149.410159,9.320700226,1,171710947,2665.305508,64424.48961,23.48960817,62606.98205
1,0,21,1,393.3187695,1670.123023,10.51553041,1,218767669,3392.440841,64486.80441,85.80441181,291086.391
1,0,21,1,2148.891886,1285.568107,10.25550874,1,207967198,3226.742685,64451.12558,50.12557631,161742.3367
1,0,21,1,1756.001172,1973.365209,11.35827703,2,255173595,3957.991252,64470.47978,69.47978083,275000.3647
1,0,21,1,801.8183438,61.26246788,13.4666312,2,359223654,5563.753097,64564.98837,163.988373,912390.8179
1,0,21,1,688.3185704,1858.059657,10.07574614,1,200897005,3114.61485,64501.39574,100.3957445,312694.0767
1,0,21,1,539.3195234,155.7795837,13.28255548,2,349362562,5412.690484,64545.08401,144.0840058,779882.127
1,0,21,1,658.496721,1789.958472,8.459950249,1,141130259,2195.763362,64273.89283,-127.1071681,-279097.2628
1,0,21,1,38.11622929,247.9645928,9.240283059,1,168514495,2619.512448,64330.48072,-70.51928211,-184726.1373
1,0,21,1,62.23905059,550.81841,9.794275496,1,189729699,2943.029041,64467.49127,66.49126581,195685.7262
1,0,21,1,1895.913699,525.9132456,10.1483732,1,203399420,3159.677633,64373.47212,-27.5278782,-86979.22104
1,0,21,1,553.3635645,37.13689487,11.04817971,1,241786483,3744.823693,64565.51838,164.5183773,616092.3174
1,0,21,1,1974.756932,323.8587438,6.246227945,1,77358093,1196.976362,64627.92036,226.9203578,271618.3043
1,0,21,1,867.9386128,1903.82192,9.722353809,2,187408737,2899.965019,64624.48195,223.4819474,648089.8299
1,0,21,1,1269.087153,1088.246051,7.308486178,1,105547563,1638.720082,64408.53698,7.53697518,12350.99259
1,0,21,1,2284.310001,1435.697692,10.25707977,2,208614788,3227.731363,64632.01689,231.01689,745660.4615
1,0,21,1,1451.379655,1071.042178,8.115177299,1,130391996,2020.439923,64536.43809,135.4380905,273644.525
1,0,21,1,1231.206436,645.5738833,9.06391688,2,162757988,2520.47123,64574.42802,173.4280182,437120.3303
1,0,21,1,2038.426355,1485.594478,12.00573017,1,285231542,4422.084865,64501.59839,100.5983904,444854.6196
1,0,21,1,2462.759864,894.7779327,8.676073149,2,148680255,2309.384922,64380.8893,-20.11069675,-46443.33984
1,0,21,1,2011.461977,1780.604118,9.943990214,1,195325297,3033.690646,64385.37075,-15.62925484,-47414.32423
1,0,21,1,1102.354614,186.0809877,10.42010987,2,215091931,3331.152477,64569.82455,168.8245509,562380.3208
1,0,21,1,1558.314938,242.094515,7.963168328,1,125210946,1945.457323,64360.67475,-40.32525,-78451.05291
1,0,21,1,60.48788022,409.7904474,8.633903435,1,147514825,2286.990129,64501.73227,100.7322736,230373.7153
1,0,21,1,566.1057201,1256.310552,11.41671359,2,257666995,3998.822508,64435.71689,34.71689216,138826.6898
1,0,21,1,44.86370375,1764.060554,10.11863006,1,202124571,3141.183826,64346.62287,-54.37712747,-170808.5533
1,0,21,1,1737.192598,894.3723809,10.23326483,5,207227099,3212.760437,64501.26086,100.2608612,322114.1283
1,0,21,1,1774.654057,1591.970601,13.95467132,2,385775814,5974.329061,64572.24067,171.2406731,1023048.13
1,0,21,1,1664.006513,1341.724847,7.968863306,2,125191307,1948.240963,64258.63604,-142.3639552,-277359.2892
1,0,21,1,329.813888,2132.978834,5.90316141,1,68897143,1069.102223,64443.92454,42.92454023,45890.72139
1,0,21,1,1127.552951,508.4808706,10.44904615,1,216817239,3349.679158,64727.7631,326.763101,1094551.549
1,0,21,1,2510.141818,1312.33375,12.21576133,2,296097304,4578.160287,64676.04572,275.0457169,1259203.378
1,0,21,1,461.4944749,261.4464425,8.21345594,1,133554075,2069.673217,64529.06378,128.0637823,265050.1802
1,0,21,1,931.8752335,803.9674481,8.281209175,1,135103232,2103.95974,64213.79145,-187.2085463,-393879.2444
1,0,21,1,2352.278957,1134.688268,8.159725293,2,131885980,2042.683082,64565.07188,164.0718803,335146.854
1,0,21,1,1988.047674,977.8836416,6.342035924,1,79191586,1233.9777,64175.86475,-225.135248,-277811.8755
1,0,21,1,1489.393646,801.2151829,11.71758491,1,271572673,4212.366348,64470.3358,69.33580285,292067.8027
1,0,21,1,1206.745294,617.3469542,10.11098234,2,202293750,3136.437373,64497.94017,96.94016586,304046.7591
1,0,21,1,1653.228452,682.2693315,7.494888786,1,111234955,1723.377037,64544.75871,143.7587101,247750.4597
1,0,21,1,2127.52512,843.6585019,10.65885845,2,224240018,3485.549906,64334.18658,-66.81341899,-232881.5063
1,0,21,1,2076.45516,571.3572896,9.905547664,2,193957057,3010.280049,64431.56579,30.56578686,92011.57835
1,0,21,1,1308.386988,591.7625013,8.260638048,2,135143693,2093.519945,64553.33438,152.3343755,318915.0533
1,0,21,1,1057.510016,833.541072,12.08177277,1,289357951,4478.27999,64613.63552,212.6355184,952241.387
1,0,21,1,1120.315957,875.3313286,5.833016265,1,67076864,1043.845662,64259.36939,-141.6306134,-147840.5014
1,0,21,1,862.0623333,1977.120405,10.66569761,2,225794841,3490.024287,64697.21195,296.2119488,1033786.896
1,0,21,1,2079.212217,504.7764457,7.702697025,1,117257749,1820.268894,64417.81727,16.81726547,30611.94521
1,0,21,1,1555.374902,370.900752,8.217922474,2,133450859,2071.924834,64409.1218,8.121800685,16827.76054
1,0,21,1,1770.286852,1237.227447,10.81743469,2,231780986,3590.033324,64562.34946,161.3494558,579249.923
1,0,21,1,2330.776851,1164.201877,7.508461911,2,111654761,1729.624706,64554.32825,153.3282468,265200.3237
1,0,21,1,599.6029029,1979.49634,11.61505078,1,266585285,4138.968695,64408.62559,7.625592805,31562.0899
1,0,21,1,249.0518635,1190.433835,8.390656534,2,139524341,2159.94058,64596.37931,195.3793105,422007.7012
1,0,21,1,1509.397604,922.5032409,6.638197752,1,87227258,1351.917805,64521.12523,120.1252333,162399.4417
1,0,21,1,1595.402119,769.0505872,8.963566856,1,158926263,2464.970012,64473.91336,72.91336166,179729.25
1,0,21,1,1175.193636,1295.074083,8.234353476,2,133851583,2080.218374,64344.96718,-56.03282383,-116560.5097
1,0,21,1,1669.586854,1114.827059,6.727709371,1,89501711,1388.62302,64453.57,52.56999963,72999.91163
1,0,21,1,263.5715187,1408.032729,8.169217203,2,131900015,2047.438203,64421.9761,20.97610389,42947.27646
1,0,21,1,1639.557349,783.3889962,9.917903889,2,194665443,3017.794807,64505.85791,104.857911,316439.6592
1,0,21,1,1996.541018,1033.237563,9.247703885,2,169292123,2623.721572,64523.66165,122.6616526,321830.0239
1,0,21,1,1029.142509,1363.995319,11.48333764,1,260425702,4045.630223,64372.09721,-28.90278561,-116929.983
1,0,21,1,59.46131795,2075.80722,13.57021271,2,364502657,5649.671888,64517.49132,116.4913163,658137.7148
1,0,21,1,2201.980966,1528.717385,8.430170495,2,140659204,2180.332016,64512.74528,111.7452775,243641.8062
1,0,21,1,342.3781913,974.9898054,6.665053198,1,87619090,1362.87855,64289.72707,-111.2729349,-151651.4961
1,0,21,1,2267.268858,1384.186498,15.20361769,7,458582439,7091.592898,64665.64644,264.6464371,1876764.794
1,0,21,1,930.074808,55.79015616,14.57898398,1,421816751,6520.853349,64687.35431,286.3543079,1867274.448
1,0,21,1,1752.902896,152.9776931,6.471968757,1,83224577,1285.058031,64763.28303,362.2830301,465554.7175
1,0,21,1,1690.81348,945.6125293,7.063853512,1,98627152,1530.852278,64426.30253,25.3025277,38734.43217
1,0,21,1,248.4459437,483.9075686,15.88632187,1,499886148,7742.774851,64561.62779,160.6277878,1243704.796
1,0,21,0,0,0,0,1,0,0,64401,0,0
1,0,21,0,0,0,0,1,0,0,64401,0,0
1,0,21,0,0,0,0,1,0,0,64401,0,0
1,0,21,0,0,0,0,1,0,0,64401,0,0
1,0,21,0,0,0,0,1,0,0,64401,0,0
1,0,21,0,0,0,0,1,0,0,64401,0,0
1,0,21,0,0,0,0,1,0,0,64401,0,0
1,0,21,0,0,0,0,1,0,0,64401,0,0
1,0,21,0,0,0,0,1,0,0,64401,0,0
1,0,21,0,0,0,0,1,0,0,64401,0,0
1,0,21,0,0,0,0,1,0,0,64401,0,0
1,0,21,0,0,0,0,1,0,0,64401,0,0
1,0,21,0,0,0,0,1,0,0,64401,0,0
1,0,21,0,0,0,0,1,0,0,64401,0,0
1,0,21,0,0,0,0,1,0,0,64401,0,0
1,0,21,0,0,0,0,1,0,0,64401,0,0
1,0,21,0,0,0,0,1,0,0,64401,0,0
1,0,21,0,0,0,0,1,0,0,64401,0,0
1,0,21,0,0,0,0,1,0,0,64401,0,0
1,0,21,0,0,0,0,1,0,0,64401,0,0
1,0,21,0,0,0,0,1,0,0,64401,0,0
2,1,21,1,2181.375082,676.0918387,9.688600688,1,186437424,2879.864339,64738.26614,335.2661379,965520.9944
2,1,21,1,2224.880853,1832.690164,6.263074457,1,77915933,1203.441726,64744.25084,341.250841,410675.5011
2,1,21,1,222.7887038,2064.221202,14.01037433,2,389612176,6022.119847,64696.84861,293.8486052,1769591.517
2,1,21,1,2292.518363,2116.945538,7.838397875,1,121883370,1884.970357,64660.62958,257.6295815,485624.1242
2,1,21,1,1270.072945,2120.881844,10.6073114,3,223352669,3451.918657,64703.92012,300.9201163,1038751.764
2,1,21,1,1930.87387,2113.760173,8.141303424,2,131538930,2033.470134,64686.92498,283.9249802,577352.9675
2,1,21,1,2448.772295,1343.241488,9.058289876,1,162585417,2517.342715,64586.12729,183.1272926,460994.156
2,1,21,1,778.197153,299.6029308,9.507987891,3,179511954,2773.493523,64724.12953,321.1295286,890650.6674
2,1,21,1,2372.46724,69.99585933,6.702493413,1,88742333,1378.233201,64388.47425,-14.52574538,-20019.86456
2,1,21,1,2349.567624,1318.446652,11.61936981,1,267090954,4142.047398,64482.83381,79.83381305,330675.4376
2,1,21,1,1489.660179,363.5298286,6.19984045,1,75850391,1179.263733,64320.12522,-82.87477807,-97731.22018
2,1,21,1,1712.210558,2027.907056,8.326548084,2,137536428,2127.060804,64660.318,257.3180023,547331.0368
2,1,21,1,639.5857876,428.1566855,8.882217194,1,156242241,2420.430926,64551.41492,148.4149213,359228.0654
2,1,21,1,2230.46337,1598.785813,6.430651375,1,81824950,1268.702652,64494.97829,91.97829377,116693.1052
2,1,21,1,965.9451132,319.4064998,11.48689554,2,261687160,4048.13754,64643.84113,240.8411278,974958.0106
2,1,21,1,1716.112517,463.1508882,6.935940044,2,95232831,1475.912384,64524.71844,121.7184393,179645.7519
2,1,21,1,977.0058542,1018.595676,16.20631765,2,522278982,8057.839456,64816.25563,413.2556271,3329947.498
2,1,21,1,321.0860048,606.5926092,7.959902675,2,125335552,1943.862007,64477.59747,74.59747022,145007.1881
2,1,21,1,2385.618789,674.5421615,13.69881394,2,373554736,5757.260101,64884.11665,481.1166524,2769913.707
2,1,21,1,1245.380281,177.0677377,8.315446041,2,137255998,2121.392434,64700.89919,297.8991926,631961.0932
2,1,21,1,1590.147835,2091.704636,12.86971953,3,329294454,5081.454967,64803.18258,400.1825834,2033509.776
2,1,21,1,1955.38143,580.1067682,11.94093935,2,282770462,4374.48469,64640.8622,237.8621955,1040524.533
2,1,21,1,2069.188397,405.2595351,7.205687131,1,102958160,1592.944771,64633.85417,230.8541684,367737.9403
2,1,21,1,1790.630759,256.1502713,13.09445363,2,340831376,5260.471596,64791.03057,388.0305748,2041223.817
2,1,21,1,1064.561019,902.0670592,9.877927187,2,193737342,2993.515816,64718.99729,315.9972873,945942.8775
2,1,21,1,578.8336113,1247.814189,9.766808659,2,189332312,2926.545463,64694.81318,291.813182,854004.5437
2,1,21,1,206.9554764,1840.132118,6.524070348,1,84460367,1305.831638,64679.36947,276.3694721,360892.0005
2,1,21,1,465.4104729,1841.795652,6.590558258,1,86068664,1332.583166,64587.83674,184.8367411,246310.3297
2,1,21,1,2188.272827,1404.683168,6.420334649,1,81534020,1264.635145,64472.36604,69.36603664,87722.72784
2,1,21,1,2006.616253,870.2622086,5.455612231,1,58862238,913.1390273,64461.41961,58.41960866,53345.22463
2,1,21,1,595.1648276,300.6952896,7.33360966,1,106571483,1650.005899,64588.54666,185.546664,306153.0901
2,1,21,1,1721.852312,1523.628409,9.542102533,2,180590997,2793.431807,64648.43587,245.4358663,685608.3553
2,1,21,1,1100.520117,654.997757,12.51824044,2,310777275,4807.690413,64641.69867,238.6986712,1147589.313
2,1,21,1,1468.309917,1001.019975,6.397549015,1,80892787,1255.674746,64421.76786,18.76785631,23566.3232
2,1,21,1,326.3780357,2117.228229,5.727029686,1,64928723,1006.256699,64525.00944,122.0094409,122772.8172
2,1,21,1,2460.065466,675.5037014,7.094856552,1,99693864,1544.319496,64555.20652,152.2065235,235055.5017
2,1,21,1,1755.434353,1903.318871,8.894857672,2,157351100,2427.324965,64824.90078,421.9007771,1024090.289
2,1,21,1,838.8367584,1693.316878,7.113070504,1,100269899,1552.258844,64596.1203,193.1203013,299772.6955
2,1,21,1,2133.042858,1712.746777,17.18371984,2,586809538,9059.083918,64775.81435,372.8143461,3377356.447
2,1,21,1,1368.878606,691.2079957,7.297570926,1,105264293,1633.828868,64427.97961,24.97961411,40812.41464
2,1,21,1,1787.437258,1057.31409,10.44121551,1,216131481,3344.660457,64619.85716,216.8571618,725313.5741
2,1,21,1,365.0039746,1870.164956,7.977381472,2,126071875,1952.40826,64572.49621,169.4962131,330925.8066
2,1,21,1,1896.757805,812.4690789,7.584526547,1,114084110,1764.846214,64642.52188,239.521883,422719.2883
2,1,21,1,1486.528686,964.3739294,6.247151731,1,77068486,1197.330442,64366.93104,-36.0689592,-43186.46286
2,1,21,1,527.678613,1698.184763,7.096558665,1,99681050,1545.060574,64515.94952,112.94952,174513.8503
2,1,21,1,395.0538592,421.1282016,6.17889243,1,75963903,1171.308204,64853.89818,450.8981775,528140.7345
2,1,21,1,2509.328852,1545.969384,9.542572632,2,180723712,2793.707055,64689.5714,286.5714044,800596.5542
2,1,21,1,224.3686683,1241.080367,6.437189075,1,82041334,1271.283608,64534.24988,131.2498767,166855.8168
2,1,21,1,1870.425807,1535.510155,14.98244755,2,447156605,6886.767926,64929.82046,526.820464,3628090.274
2,1,21,1,970.2955066,1845.405336,13.2187249,3,346733240,5360.793083,64679.46713,276.4671311,1482083.084
2,1,21,1,1120.317498,1626.360993,11.96758782,2,284022297,4394.031463,64638.20284,235.2028442,1033488.697
2,1,21,1,158.64281,1096.321509,6.526690209,1,84181616,1306.880611,64414.15942,11.15942488,14584.036
2,1,21,1,418.7213553,590.3041608,7.894486267,2,123344984,1912.043037,64509.52287,106.5228733,203676.3181
2,1,21,1,556.8111479,1444.992003,8.995712528,2,160386693,2482.681756,64602.19583,199.1958278,494539.8475
2,1,21,1,1048.549052,547.4117261,14.5836962,1,422239964,6525.069372,64710.41761,307.4176147,2005921.262
2,1,21,1,635.8546249,1906.874889,9.975712646,3,197377008,3053.077139,64648.54932,245.5493229,749681.0241
2,1,21,1,2466.009779,220.9578007,8.042970019,1,128761319,1984.644915,64878.76901,475.7690122,944232.5508
2,1,21,1,979.8008216,1539.864179,8.096057287,1,130135789,2010.9305,64714.21514,311.2151357,625832.0084
2,1,21,1,442.4709504,1699.691544,10.58426278,1,222135674,3436.933614,64631.93619,228.9361897,786838.4856
2,1,21,1,536.0779226,132.7229795,18.81476862,3,702494454,10860.44648,64683.7545,280.7545014,3049119.237
2,1,21,1,1299.373181,732.7616894,7.328448922,1,106480141,1647.684463,64624.1094,221.1093989,364318.5213
2,1,21,1,872.8681037,1661.301741,6.282607525,1,78163261,1210.95994,64546.52911,143.5291057,173807.9972
2,1,21,1,2491.911188,160.7307092,10.28800743,2,209970186,3247.225542,64661.41119,258.4111911,839119.4202
2,1,21,1,2408.429454,2093.473157,8.53779186,1,144401709,2236.356532,64570.07501,167.0750128,373639.2962
2,1,21,1,1644.926391,1637.628024,5.889131983,1,68886150,1064.026615,64741.00277,338.0027671,359643.94
2,1,21,1,1188.405833,804.7929087,5.796364039,1,66505345,1030.768701,64520.14399,117.1439882,120748.3565
2,1,21,1,1736.64575,872.3829045,17.04312064,3,576394506,8911.445438,64680.24857,277.2485655,2470685.464
2,1,21,1,841.6757578,1238.949184,7.626637812,1,114903557,1784.498391,64389.83504,-13.16496128,-23492.85222
2,1,21,1,1814.267046,866.1103624,6.433106092,1,81895537,1269.671419,64501.36294,98.36294002,124888.6136
2,1,21,1,364.311382,827.114142,14.29195532,2,404974783,6266.617913,64624.13835,221.1383479,1385789.532
2,1,21,1,2138.861022,1878.809194,6.346243343,1,79514646,1235.615529,64352.25532,-50.74468331,-62700.91871
2,1,21,1,423.0778807,1739.805623,7.329416373,1,106327579,1648.119523,64514.48302,111.4830156,183737.3345
2,1,21,1,785.1123767,1060.747012,18.28249711,1,664455050,10254.65238,64795.47286,392.4728568,4024672.715
2,1,21,1,1133.142556,292.2024016,10.30006401,2,210480179,3254.840889,64666.8105,263.8104977,858661.1951
2,1,21,1,375.5206981,1814.614873,7.741156428,1,118714618,1838.491401,64571.75591,168.7559092,310256.288
2,1,21,1,2069.281747,1822.268725,9.119166235,1,164742086,2551.292082,64572.02103,169.0210306,431222.017
2,1,21,1,1884.712717,480.3520048,6.679944784,1,88520404,1368.975454,64661.79048,258.7904841,354277.8205
2,1,21,1,2321.3949,1162.037919,19.54868833,1,759063778,11724.25245,64743.04281,340.0428066,3986747.707
2,1,21,1,2181.266898,2023.01081,21.04553199,5,879370858,13588.44412,64714.60973,311.6097251,4234291.337
2,1,21,1,1855.483836,366.2053164,9.003930169,1,160581298,2487.21972,64562.57029,159.5702943,396886.3827
2,1,21,1,2251.616195,1021.200821,16.09446578,2,514038842,7946.99697,64683.40732,280.4073205,2228396.126
2,1,21,1,1350.038723,604.05041,10.08846597,2,202336857,3122.483719,64799.97181,396.9718136,1239538.025
2,1,21,1,365.7490104,78.97857279,14.99956522,2,446247713,6902.513386,64650.03225,247.0322518,1705143.425
2,1,21,1,523.1876641,684.7947728,14.11382418,2,395659888,6111.380469,64741.49172,338.4917167,2068651.667
2,1,21,1,938.5291129,770.8871575,13.65627776,3,369652066,5721.561872,64606.84587,203.8458699,1166316.757
2,1,21,1,1282.504537,1045.445878,7.582541662,1,114207778,1763.922608,64746.47895,343.4789534,605870.2913
2,1,21,1,1443.838755,75.66934592,8.646263882,1,148588801,2293.543006,64785.70517,382.7051687,877750.7632
2,1,21,1,1325.608801,155.2740393,7.48204333,1,110714480,1717.474723,64463.52807,60.52806522,103955.422
2,1,21,1,1755.111519,1323.895099,7.868377746,1,122462349,1899.416992,64473.6514,70.65139631,134196.4627
2,1,21,1,545.1022993,1981.716837,7.926970254,1,124295789,1927.810641,64475.10268,72.10268067,139000.315
2,1,21,1,1623.595985,331.7341053,7.972160446,1,126140499,1949.853477,64692.29635,289.296352,564085.4979
2,1,21,1,1708.541294,1661.275507,7.587990256,1,114369579,1766.458525,64745.12554,342.1255449,604350.5855
2,1,21,1,1883.344102,251.9279396,13.93509928,3,385359430,5957.582301,64683.86177,280.8617655,1673257.083
2,1,21,1,1571.057767,1914.138687,19.38850116,3,746676444,11532.89638,64743.18501,340.1850103,3923318.474
2,1,21,1,1780.500264,1626.389947,9.511459464,2,179822417,2775.519218,64788.74865,385.7486471,1070652.784
2,1,21,1,2469.535001,1005.384473,20.77371027,2,856557225,13239.69732,64696.13346,293.1334607,3880998.294
2,1,21,1,862.0757789,1850.088448,9.2239547,1,168566629,2610.262829,64578.41224,175.4122414,457872.0533
2,1,21,1,592.6831528,1774.430928,17.57512635,2,613543542,9476.475146,64743.85598,340.8559752,3230113.178
2,1,21,1,741.215941,640.0709044,5.604798422,1,62310959,963.7622505,64653.86974,250.869737,241778.7823
2,1,21,1,518.5608179,947.2970373,12.79653784,1,325236968,5023.829443,64738.85543,335.8554304,1687280.4
2,1,21,1,2357.690681,1426.958804,6.548838808,1,85161475,1315.76557,64723.89683,320.896833,422225.0044
2,1,21,1,626.3819953,200.8224873,8.9333144,1,158177742,2448.359313,64605.60799,202.6079855,496057.1481
2,1,21,1,1683.334076,392.1119202,5.407868248,1,57871989,897.2265588,64500.97629,97.97629182,87906.93116
2,1,21,1,1809.112619,1850.87684,7.70907355,2,117542942,1823.283889,64467.71276,64.71275558,117989.7246
2,1,21,1,453.3504793,1453.134074,10.54907611,1,220784571,3414.119887,64668.07795,265.0779523,905007.9084
2,1,21,1,789.4525564,858.3153748,6.61987593,1,86787725,1344.465356,64551.84924,148.8492404,200122.6471
2,1,21,1,272.8253742,1819.63916,12.63892446,1,316807997,4900.835805,64643.66683,240.6668325,1179468.63
2,1,21,1,1504.179265,657.6953168,8.0187111,1,127279165,1972.690939,64520.58073,117.5807305,231950.4416
2,1,21,1,2082.403728,1219.899581,9.350914725,2,172977860,2682.61352,64481.09603,78.09602715,209501.4583
2,1,21,1,320.215335,488.5422823,12.65922875,2,318375412,4916.594732,64755.2685,352.2685006,1731961.454
2,1,21,1,229.8555068,1497.137247,6.918485804,1,94638634,1468.493486,64446.07001,43.07001418,63248.03525
2,1,21,1,982.749986,188.1032561,14.6963503,1,428145086,6626.266617,64613.3201,210.3201031,1393637.078
2,1,21,1,1656.570726,2113.203716,5.995969017,2,71160228,1102.982638,64516.18146,113.1814642,124837.19
2,1,21,1,1390.634563,1818.782052,9.127645198,2,164956725,2556.03865,64536.084,133.0840016,340167.8518
2,1,21,1,1300.153375,535.4161962,24.83745112,6,1225799037,18926.2236,64767.22788,364.2278797,6893458.293
2,1,21,1,2175.48851,1965.147421,11.32830584,2,254570491,3937.130835,64658.88528,255.8852802,1007453.827
2,1,21,1,344.7137456,1934.795408,8.734772936,1,150928248,2340.739886,64478.86366,75.86366008,177577.0951
2,1,21,1,1203.374769,1780.18844,10.69863088,2,226914298,3511.610376,64618.30149,215.3014911,756054.95
2,1,21,1,1079.269617,1779.59586,5.657104612,1,63426204,981.834607,64599.68262,196.6826238,193109.8066
2,1,21,1,874.2177569,57.67091581,8.301218569,2,136659145,2114.13937,64640.55631,237.5563145,502227.157
2,1,21,1,1944.390334,1468.848951,9.574382727,1,181506291,2812.363702,64538.69777,135.6977666,381631.4734
2,1,21,1,900.4665961,791.9115336,6.931233697,1,95490604,1473.910118,64787.26407,384.2640683,566370.698
2,1,21,1,1895.550371,1096.268267,7.39488821,1,108141317,1677.69551,64458.25025,55.25024826,92693.0934
2,1,21,1,2512.50967,788.0289993,12.64603726,1,316923044,4906.35344,64594.4178,191.4178018,939163.3902
2,1,21,1,1631.101183,75.13312939,12.02645277,1,287672404,4437.363597,64829.57678,426.5767828,1892876.287
2,1,21,1,1131.551304,1715.533251,9.071872533,2,162436275,2524.897747,64333.80329,-69.19671258,-174714.6237
2,1,21,1,2299.967185,1519.246492,7.852047259,1,122035647,1891.540854,64516.52723,113.5272318,214741.3969
2,1,21,1,926.9957747,67.99813853,14.57266127,4,421454507,6515.198568,64687.89901,284.8990141,1856173.649
2,1,21,1,883.6406152,2000.956763,24.45468555,8,1189057797,18347.3811,64808.0394,405.0394021,7431412.269
2,1,21,1,2144.736067,1008.689631,6.416170847,1,81415142,1262.995361,64461.94858,58.94857593,74451.77793
2,1,21,1,1248.79166,1711.804686,11.66610103,1,270121551,4175.431682,64693.08362,290.0836238,1211224.354
2,1,21,1,279.0693584,415.2748201,8.515604227,2,143341052,2224.748147,64430.23772,27.23772125,60597.06989
2,1,21,1,1002.860036,1146.313655,13.83268363,1,379459866,5870.333905,64640.25252,237.2525208,1392751.517
2,1,21,1,751.7099899,335.7810688,9.01349185,1,161009582,2492.505107,64597.49333,194.4933282,484775.6137
2,1,21,1,184.6003489,799.5728381,11.21792351,1,249258722,3860.778312,64561.78052,158.7805215,613016.3939
2,1,21,1,326.8313622,1373.838461,8.175643592,2,132495527,2050.660742,64611.13937,208.1393714,426823.2379
2,1,21,1,832.8183359,570.0306488,12.58303445,2,314587982,4857.588115,64762.17714,359.177142,1744734.616
2,1,21,1,679.0888965,1826.234067,7.680321762,1,116898347,1809.708998,64595.10734,192.1073427,347658.3867
2,1,21,1,1471.762708,174.7627654,12.7593175,5,323262683,4994.647058,64721.82703,318.8270339,1592428.507
2,1,21,1,615.6001424,855.3874304,14.56275528,2,421149729,6506.343961,64729.0908,326.0907988,2121658.899
2,1,21,1,592.0631888,963.0737738,7.903302328,2,123737254,1916.315918,64570.38365,167.3836532,320759.959
2,1,21,1,866.6117189,2113.777129,11.90463681,3,280693995,4347.926726,64558.12452,155.124521,674470.0507
2,1,21,1,2258.836468,1988.595037,7.45322172,1,110172722,1704.268425,64645.16997,242.1699679,412722.6297
2,1,21,1,1433.133952,1498.403357,8.152831957,2,131620053,2039.233222,64543.89403,140.8940343,287315.7955
2,1,21,1,1645.123211,1881.236002,5.473530935,1,59263465,919.1472031,64476.57655,73.57655078,67627.68086
2,1,21,1,37.60971727,125.6862666,6.251045571,1,77146101,1198.823496,64351.50903,-51.49097085,-61728.58567
2,1,21,1,779.0384045,1136.588159,5.767070722,1,65612638,1020.376553,64302.37721,-100.6227898,-102673.1354
2,1,21,1,1461.145083,1852.44201,7.12238791,1,100295751,1556.328113,64443.8343,40.8343004,63551.56967
2,1,21,1,1454.38465,1434.033393,5.797867909,1,66544981,1031.303637,64525.11034,122.1103378,125932.8356
2,1,21,1,326.201429,385.6128363,6.930778634,1,95139375,1473.716588,64557.44326,154.4432572,227605.5901
2,1,21,1,2062.691436,1668.999673,8.63560203,1,147275075,2287.890081,64371.56934,-31.43066457,-71909.90571
2,1,21,1,859.5826071,1957.259966,5.62357223,6,62922097,970.2294913,64852.79778,449.7977826,436407.0738
2,1,21,1,1230.505394,1619.361551,5.254062549,1,54414375,846.9161088,64250.01773,-152.9822745,-129563.1526
2,1,21,1,1405.184153,166.4214258,7.414679775,1,108856752,1686.687844,64538.76595,135.7659469,228994.7723
2,1,21,1,192.6236261,1732.910737,12.47641846,1,308316472,4775.620206,64560.50915,157.5091477,752203.8684
2,1,21,1,495.1123639,1633.42283,6.012373843,1,71439006,1109.026362,64415.96744,12.96743766,14381.23021
2,1,21,1,784.8047823,2060.927484,5.96720539,1,70625194,1092.42565,64649.88622,246.8862159,269704.8349
2,1,21,1,1726.769321,1179.39656,11.17764697,1,247497987,3833.104802,64568.54164,165.5416351,634538.4364
2,1,21,1,630.9605093,625.156754,13.44108079,1,358059519,5542.660767,64600.65554,197.6555433,1095537.625
2,1,21,1,148.1805708,1423.525494,5.298287291,1,55542170,861.2335171,64491.41714,88.41713604,76147.80104
2,1,21,1,1298.286478,1646.388238,5.028009708,1,50095056,775.6077342,64588.13366,185.133657,143591.0962
2,1,21,1,695.4630098,1930.074993,6.026116157,1,71846820,1114.101896,64488.55373,85.55372515,95315.56743
2,1,21,0,0,0,0,1,0,0,64403,0,0
2,1,21,0,0,0,0,1,0,0,64403,0,0
2,1,21,0,0,0,0,1,0,0,64403,0,0
2,1,21,0,0,0,0,1,0,0,64403,0,0
2,1,21,0,0,0,0,1,0,0,64403,0,0
2,1,21,0,0,0,0,1,0,0,64403,0,0
2,1,21,0,0,0,0,1,0,0,64403,0,0
2,1,21,0,0,0,0,1,0,0,64403,0,0
2,1,21,0,0,0,0,1,0,0,64403,0,0
2,1,21,0,0,0,0,1,0,0,64403,0,0
2,1,21,0,0,0,0,1,0,0,64403,0,0
2,1,21,0,0,0,0,1,0,0,64403,0,0
2,1,21,0,0,0,0,1,0,0,64403,0,0
2,1,21,0,0,0,0,1,0,0,64403,0,0
2,1,21,0,0,0,0,1,0,0,64403,0,0
2,1,21,0,0,0,0,1,0,0,64403,0,0
2,1,21,0,0,0,0,1,0,0,64403,0,0
2,1,21,0,0,0,0,1,0,0,64403,0,0
2,1,21,0,0,0,0,1,0,0,64403,0,0
2,1,21,0,0,0,0,1,0,0,64403,0,0
2,1,21,0,0,0,0,1,0,0,64403,0,0
2,1,21,0,0,0,0,1,0,0,64403,0,0
2,1,21,0,0,0,0,1,0,0,64403,0,0
2,1,21,0,0,0,0,1,0,0,64403,0,0
2,1,21,0,0,0,0,1,0,0,64403,0,0
2,1,21,0,0,0,0,1,0,0,64403,0,0
2,1,21,0,0,0,0,1,0,0,64403,0,0
2,1,21,0,0,0,0,1,0,0,64403,0,0
2,1,21,0,0,0,0,1,0,0,64403,0,0
2,1,21,0,0,0,0,1,0,0,64403,0,0
2,1,21,0,0,0,0,1,0,0,64403,0,0
2,1,21,0,0,0,0,1,0,0,64403,0,0
2,1,21,0,0,0,0,1,0,0,64403,0,0
2,0,21,1,378.0605628,1715.367887,8.626691687,1,147319406,2283.171159,64524.03071,114.0307118,260351.6324
2,0,21,1,2179.768274,1230.132151,8.8847772,1,156054187,2421.826346,64436.5717,26.57170245,64352.04906
2,0,21,1,1963.53177,2027.102234,11.12886167,1,245026045,3799.718338,64485.31792,75.3179157,286186.8655
2,0,21,1,1928.047892,1712.027471,10.31207061,1,210699627,3262.433534,64583.57689,173.5768934,566283.0777
2,0,21,1,1536.980402,1224.893719,9.28552916,1,170108228,2645.228739,64307.56837,-102.4316271,-270955.0837
2,0,21,1,1489.170823,1556.602657,9.56071643,1,181142544,2804.3408,64593.62714,183.6271357,514953.0685
2,0,21,1,568.1198874,1939.91688,10.27367834,1,208922408,3238.186402,64518.33899,108.3389897,350821.8434
2,0,21,1,1869.140856,1408.26982,12.2454437,1,296291490,4600.435732,64405.09275,-4.907249046,-22575.48386
2,0,21,1,1002.381789,285.1690849,5.684366523,1,63955869,991.3204428,64515.8379,105.8379026,104919.2765
2,0,21,1,1923.841422,849.7940089,10.44278344,1,215881639,3345.665048,64525.77766,115.7776602,387353.2711
2,0,21,1,725.4821251,536.8847808,13.09548443,1,339314704,5261.299847,64492.56151,82.56150522,434380.8348
2,0,21,1,347.0412838,1665.530693,8.470772867,1,141658618,2201.384933,64349.77176,-60.22823774,-132585.5351
2,0,21,1,194.3915383,43.06210331,10.52499675,1,218760350,3398.551509,64368.7022,-41.29780038,-140352.7018
2,0,21,1,1750.909064,1766.159783,10.53964865,1,219628243,3408.02038,64444.5216,34.52159801,117650.3096
2,0,21,1,1507.090274,2106.440087,9.447891082,1,176743288,2738.543678,64539.15249,129.1524889,353689.7319
2,0,21,1,2008.302821,979.3829214,9.123069119,1,164558582,2553.476389,64444.92015,34.92014745,89167.77202
2,0,21,1,499.0666454,773.7707663,9.169887477,1,166465324,2579.751829,64527.65034,117.6503442,303508.6907
2,0,21,1,1605.577621,1985.200343,6.903364085,1,94342675,1462.081135,64526.2925,116.2925019,170029.0732
2,0,21,1,94.12940271,1233.3117,9.427043159,1,176048677,2726.471151,64570.15946,160.1594586,436670.1434
2,0,21,1,1532.000915,1271.355585,7.117126755,1,100091192,1554.029709,64407.51512,-2.48488243,-3861.581121
2,0,21,1,2057.020618,1518.977571,7.983187136,1,125137482,1955.251086,64000.72242,-409.2775765,-800240.4257
2,0,21,1,1849.843291,920.7864539,12.15127651,1,292111030,4529.953284,64484.33609,74.33608771,336739.0046
2,0,21,1,1022.081461,752.4398083,10.8739703,1,233838249,3627.656863,64459.85875,49.8587488,180870.4323
2,0,21,1,2461.643896,1559.232823,10.11527955,1,202206369,3139.103934,64415.31508,5.31507819,16684.58286
2,0,21,1,2273.618767,713.2889456,10.75195626,1,228769426,3546.703588,64501.98623,91.98623417,326247.9068
2,0,21,1,249.4126328,732.7287792,9.46632726,1,177062333,2749.24184,64404.05875,-5.941252457,-16333.93984
2,0,21,1,1526.728005,1873.158358,10.31983124,1,210666298,3267.345845,64476.27769,66.27768588,216552.1216
2,0,21,1,367.0945051,1425.542748,6.298683639,1,78750959,1217.165146,64700.30732,290.307322,353351.9539
2,0,21,1,2347.42475,1494.326333,6.949490326,1,95699326,1481.684799,64588.18099,178.1809923,264008.0678
2,0,21,1,1726.037553,1585.404032,8.564907113,1,145527453,2250.58402,64662.08403,252.0840303,567336.2903
2,0,21,1,652.0480786,1672.046418,10.08272369,1,201521569,3118.930143,64612.40226,202.4022609,631278.5125
2,0,21,1,1183.602317,717.9228539,7.286483749,1,105107292,1628.868097,64527.81057,117.8105681,191897.8759
2,0,21,1,887.9820902,1064.091701,6.054845235,1,72000751,1124.75002,64014.89194,-395.1080633,-444397.8022
2,0,21,1,1384.820406,303.1199856,9.271251113,1,169927829,2637.100034,64437.38456,27.38455591,72215.81332
2,0,21,1,177.5282981,542.2473887,8.738804462,1,150965316,2342.901118,64435.20593,25.20592738,59054.99543
2,0,21,1,1343.05138,1922.865328,9.806936457,1,190424054,2950.642807,64536.46423,126.4642333,373150.7803
2,0,21,1,502.2396666,1696.29936,13.74043904,1,373776928,5792.30118,64529.95388,119.953877,694808.9834
2,0,21,1,1549.540768,1688.684146,15.10433781,2,450993750,6999.278849,64434.31669,24.31669181,170199.3067
2,0,21,1,2268.135414,2036.68524,16.09707898,3,512018322,7949.577838,64408.24059,-1.759410111,-13986.56763
2,0,21,1,2300.02859,1983.636391,7.530170201,1,111886862,1739.640465,64316.08385,-93.91614703,-163380.3297
2,0,21,1,2110.288571,1707.588027,7.238743991,1,103719556,1607.593905,64518.50538,108.5053755,174432.5803
2,0,21,1,1463.191359,976.3594053,6.531791492,1,84477899,1308.924334,64539.9408,129.9407998,170082.6747
2,0,21,1,2179.429038,2027.306346,5.434953414,1,58541311,906.2365369,64598.26835,188.2683527,170615.66
2,0,21,1,1478.036199,1830.434134,12.74576573,1,320984103,4984.042986,64402.35446,-7.645542897,-38105.71445
2,0,21,1,1727.188732,640.9616706,11.43934221,1,259010727,4014.690042,64515.74699,105.746995,424541.4077
2,0,21,1,1811.851333,1203.426037,7.798808822,1,120277355,1865.977766,64458.08583,48.08583263,89727.09455
2,0,21,1,2265.154982,1038.771301,9.773287326,1,189112158,2930.429312,64533.94294,123.9429418,363206.0296
2,0,21,1,1783.400331,1835.688239,10.74405536,1,228323205,3541.493024,64470.88938,60.88938346,215639.3268
2,0,21,1,514.7544959,1037.73856,5.865364486,2,68003126,1055.455498,64430.12152,20.12151753,21237.36631
2,0,21,1,739.5745405,1025.436827,8.757343256,1,151148564,2352.852281,64240.56675,-169.4332469,-398651.4014
2,0,21,1,1308.173912,1696.761726,10.20268534,1,205768811,3193.588105,64431.85666,21.85665582,69801.15604
2,0,21,0,0,0,0,1,0,0,64410,0,0
2,0,21,0,0,0,0,1,0,0,64410,0,0
2,0,21,0,0,0,0,1,0,0,64410,0,0
2,0,21,0,0,0,0,1,0,0,64410,0,0
2,0,21,0,0,0,0,1,0,0,64410,0,0
2,0,21,0,0,0,0,1,0,0,64410,0,0
2,0,21,0,0,0,0,1,0,0,64410,0,0
2,0,21,0,0,0,0,1,0,0,64410,0,0
2,0,21,0,0,0,0,1,0,0,64410,0,0
2,0,21,0,0,0,0,1,0,0,64410,0,0
2,0,21,0,0,0,0,1,0,0,64410,0,0
2,0,21,0,0,0,0,1,0,0,64410,0,0
2,0,21,0,0,0,0,1,0,0,64410,0,0
2,0,21,0,0,0,0,1,0,0,64410,0,0
2,0,21,0,0,0,0,1,0,0,64410,0,0
2,0,21,0,0,0,0,1,0,0,64410,0,0
2,0,21,0,0,0,0,1,0,0,64410,0,0
2,0,21,0,0,0,0,1,0,0,64410,0,0
2,0,21,0,0,0,0,1,0,0,64410,0,0
2,0,21,0,0,0,0,1,0,0,64410,0,0
2,0,21,0,0,0,0,1,0,0,64410,0,0
2,0,21,0,0,0,0,1,0,0,64410,0,0
2,0,21,0,0,0,0,1,0,0,64410,0,0
2,0,21,0,0,0,0,1,0,0,64410,0,0
2,0,21,0,0,0,0,1,0,0,64410,0,0
2,0,21,0,0,0,0,1,0,0,64410,0,0
2,0,21,0,0,0,0,1,0,0,64410,0,0
2,0,21,0,0,0,0,1,0,0,64410,0,0
2,0,21,0,0,0,0,1,0,0,64410,0,0
2,0,21,0,0,0,0,1,0,0,64410,0,0
2,0,21,0,0,0,0,1,0,0,64410,0,0
2,0,21,0,0,0,0,1,0,0,64410,0,0
2,0,21,0,0,0,0,1,0,0,64410,0,0
2,0,21,0,0,0,0,1,0,0,64410,0,0
2,0,21,0,0,0,0,1,0,0,64410,0,0
2,0,21,0,0,0,0,1,0,0,64410,0,0
2,0,21,0,0,0,0,1,0,0,64410,0,0
2,0,21,0,0,0,0,1,0,0,64410,0,0
2,0,21,0,0,0,0,1,0,0,64410,0,0
2,0,21,0,0,0,0,1,0,0,64410,0,0
2,0,21,0,0,0,0,1,0,0,64410,0,0
2,0,21,0,0,0,0,1,0,0,64410,0,0
2,0,21,0,0,0,0,1,0,0,64410,0,0
2,0,21,0,0,0,0,1,0,0,64410,0,0
2,0,21,0,0,0,0,1,0,0,64410,0,0
2,0,21,0,0,0,0,1,0,0,64410,0,0
2,0,21,0,0,0,0,1,0,0,64410,0,0
2,0,21,0,0,0,0,1,0,0,64410,0,0
2,0,21,0,0,0,0,1,0,0,64410,0,0
2,0,21,0,0,0,0,1,0,0,64410,0,0
2,0,21,0,0,0,0,1,0,0,64410,0,0
2,0,21,0,0,0,0,1,0,0,64410,0,0
2,0,21,0,0,0,0,1,0,0,64410,0,0
2,0,21,0,0,0,0,1,0,0,64410,0,0
2,0,21,0,0,0,0,1,0,0,64410,0,0
2,0,21,0,0,0,0,1,0,0,64410,0,0
2,0,21,0,0,0,0,1,0,0,64410,0,0
2,0,21,0,0,0,0,1,0,0,64410,0,0
2,0,21,0,0,0,0,1,0,0,64410,0,0
2,0,21,0,0,0,0,1,0,0,64410,0,0
2,0,21,0,0,0,0,1,0,0,64410,0,0
2,0,21,0,0,0,0,1,0,0,64410,0,0
2,0,21,0,0,0,0,1,0,0,64410,0,0
2,0,21,0,0,0,0,1,0,0,64410,0,0
2,0,21,0,0,0,0,1,0,0,64410,0,0
2,0,21,0,0,0,0,1,0,0,64410,0,0
2,0,21,0,0,0,0,1,0,0,64410,0,0
2,0,21,0,0,0,0,1,0,0,64410,0,0
2,0,21,0,0,0,0,1,0,0,64410,0,0
2,0,21,0,0,0,0,1,0,0,64410,0,0
2,0,21,0,0,0,0,1,0,0,64410,0,0
2,0,21,0,0,0,0,1,0,0,64410,0,0
2,0,21,0,0,0,0,1,0,0,64410,0,0
3,1,21,1,175.35933,639.5304843,12.34140089,2,301762888,4672.817674,64578.35701,193.3570066,903522.0379
3,1,21,1,118.1951656,967.4273866,9.670190504,2,185332662,2868.930158,64599.92116,214.9211634,616593.807
3,1,21,1,1523.976429,123.1245112,11.98094024,3,284535752,4403.841909,64610.80072,225.8007168,994390.66
3,1,21,1,713.3104786,42.38930168,10.90255509,2,235410191,3646.754231,64553.34691,168.3469131,613919.8176
3,1,21,1,2497.875206,1842.665396,9.814550634,2,190346480,2955.226387,64410.1179,25.1178958,74229.06844
3,1,21,1,1410.058416,188.9889089,10.17107575,2,204274496,3173.830237,64362.13683,-22.86316562,-72563.80635
3,1,21,1,2457.934374,720.4991003,15.60330631,2,482459523,7469.356435,64591.84632,206.8463243,1545008.923
3,1,21,1,1489.25062,2109.997398,9.681027037,2,185848489,2875.363676,64634.77666,249.7766569,718198.7262
3,1,21,1,768.8966392,257.1560743,9.217109013,2,167763258,2606.38978,64366.14326,-18.85673894,-49148.01166
3,1,21,1,1559.424149,2027.793326,10.60830944,2,222870003,3452.568272,64551.94668,166.9466844,576394.8256
3,1,21,1,387.2167373,2056.563031,13.01447904,2,335431823,5196.410988,64550.67234,165.6723391,860901.5632
3,1,21,1,1098.234262,782.6177875,13.31833603,2,351515553,5441.891172,64594.37388,209.3738846,1139389.894
3,1,21,1,294.7044953,1822.458474,14.39667836,2,410932891,6358.79055,64624.37908,239.3790791,1522161.426
3,1,21,1,876.066991,518.6980994,8.000390058,1,126411113,1963.686883,64374.37359,-10.62640716,-20866.93634
3,1,21,1,2534.392309,1957.550081,6.276880892,1,77932510,1208.753352,64473.45926,88.45925855,106925.4253
3,1,21,1,1663.982809,1291.35297,11.05076054,2,242274129,3746.573464,64665.52207,280.5220706,1050996.546
3,1,21,1,581.488285,1922.025449,14.06051912,2,391954606,6065.30475,64622.40929,237.4092862,1439959.671
3,1,21,1,344.3790242,47.76147105,9.485598772,,178153889,2760.447026,64538.05754,153.0575366,422507.2216
3,1,21,1,1752.750696,315.5663722,12.58457242,5,314031971,4858.775635,64631.91442,246.9144164,1199701.75
3,1,21,1,566.8098851,122.5212873,11.88218869,2,279196168,4331.544749,64456.48936,71.48935563,309659.343
3,1,21,1,996.7056096,1540.642118,7.508850478,1,111565294,1729.803729,64495.92642,110.9264172,191880.9301
3,1,21,1,1816.604644,1920.941705,11.99587199,3,285142042,4414.825693,64587.38393,202.3839316,893489.7811
3,1,21,1,1017.502562,1590.213659,13.55920706,1,364050284,5640.511665,64542.06739,157.0673905,885940.4486
3,1,21,1,1678.671756,1094.581235,14.90681418,1,440122485,6817.412801,64558.57931,173.5793099,1183361.809
3,1,21,1,1016.189059,1690.685514,5.516030061,2,60177176,933.4760176,64465.69046,80.69045928,75322.60858
3,1,21,1,1727.371876,2078.789305,13.93116012,2,384145410,5954.214606,64516.55431,131.5543111,783302.6006
3,1,21,1,676.4889641,2072.744225,13.57417564,2,364750878,5652.972139,64523.73531,138.7353078,784266.8296
3,1,21,1,319.1831812,2016.861706,9.402994909,1,175290638,2712.578518,64621.40612,236.4061152,641270.1496
3,1,21,1,1971.116369,1682.043785,15.83078089,2,496779261,7688.729676,64611.35739,226.3573929,1740400.804
3,1,21,1,926.6161893,1159.499225,15.53345844,3,477862887,7402.633282,64553.09466,168.0946646,1244343.158
3,1,21,1,2012.574954,543.2108023,7.259365135,2,104239911,1616.766116,64474.32933,89.32932885,144424.632
3,1,21,1,1652.728313,1664.015163,12.21970912,3,296141212,4581.119834,64643.84751,258.8475149,1185811.484
3,1,21,1,1267.337032,1939.778863,7.606841334,2,114514252,1775.246362,64506.11838,121.1183774,215014.959
3,1,21,1,1034.229229,27.49112758,8.327909238,2,137481917,2127.756289,64613.56394,228.5639415,486328.3639
3,1,21,1,2258.918167,818.6782375,11.09409469,2,243380776,3776.014496,64454.40723,69.40722859,262082.7013
3,1,21,1,1183.041061,1933.721935,10.66446545,2,225104066,3489.217958,64514.18877,129.1887669,450767.7654
3,1,21,1,945.8559734,311.8337206,6.817180689,2,92267839,1425.803007,64712.8941,327.8941044,467512.4
3,1,21,1,2417.846112,61.53467419,6.578714455,1,85406496,1327.797936,64321.9075,-63.09250014,-83774.09144
3,1,21,1,1159.818738,1117.448186,9.304707861,2,171274288,2656.167145,64481.7433,96.74330141,256966.3787
3,1,21,1,1510.936989,492.8472105,8.737885635,2,151147533,2342.408463,64526.54838,141.5483759,331564.1136
3,1,21,1,1739.615831,1630.238311,7.84909213,4,122076992,1890.117354,64586.99073,201.9907283,381786.1809
3,1,21,1,1390.339399,1243.493379,9.962328126,1,196288752,3044.889943,64464.97433,79.97432955,243513.0317
3,1,21,1,718.4257067,1736.936483,14.88074075,1,438928989,6793.585052,64609.33155,224.3315476,1524015.449
3,1,21,1,1774.335661,680.5475107,13.34460035,1,353035338,5463.375616,64618.53674,233.5367434,1275898.949
3,1,21,1,1750.855294,1730.514505,9.601663272,3,182527080,2828.413221,64533.38524,148.3852394,419694.7728
3,1,21,1,1283.855986,949.3103771,6.027419825,3,71977072,1114.58399,64577.52188,192.5218829,214581.8084
3,1,21,1,1551.546249,1547.866786,6.44210521,1,81840825,1273.226129,64278.31091,-106.6890852,-135839.331
3,1,21,1,1646.973621,690.859007,11.30164439,2,253366804,3918.620374,64657.14456,272.1445556,1066431.2
3,1,21,1,671.2247337,1881.180431,6.815651693,1,91999047,1425.163504,64553.32789,168.3278933,239894.7703
3,1,21,1,1700.015883,477.6997367,8.6943004,1,149578957,2319.098522,64498.75051,113.7505058,263798.6299
3,1,21,1,828.6620102,267.2860467,5.19955738,2,53382786,829.4355901,64360.37546,-24.6245376,-20424.46788
3,1,21,1,1265.346131,486.7508258,13.74764024,4,375111261,5798.374122,64692.49018,307.4901845,1782943.129
3,1,21,1,118.2369342,291.4732246,15.11463716,1,451921324,7008.827445,64478.87718,93.87717946,657968.9519
3,1,21,1,1512.080447,1347.72089,7.444664843,2,109759748,1700.357406,64550.98651,165.9865054,282236.3839
3,1,21,1,927.6093727,1753.189071,10.46885349,1,217137152,3362.390579,64578.20616,193.2061563,649634.5598
3,1,21,1,1181.361432,562.7259055,8.022499454,1,127314212,1974.555333,64477.4091,92.409103,182466.8872
3,1,21,1,879.979335,309.7283745,11.27758768,1,252412572,3901.955753,64688.73251,303.7325123,1185150.824
3,1,21,1,1237.399695,441.1915427,11.50833491,3,262882846,4063.26269,64697.47738,312.4773821,1269677.688
3,1,21,1,1798.205288,1851.818677,7.228605793,1,103359817,1603.094038,64475.20517,90.20517264,144607.3744
3,1,21,1,115.4074135,385.326424,6.771044728,1,90586186,1406.569777,64402.19853,17.19853031,24190.93293
3,1,21,1,1650.45305,28.9824613,8.271659184,2,135331821,2099.109915,64471.05035,86.05034839,180629.1395
3,1,21,1,1815.275905,1665.418214,6.936656834,1,95244924,1476.217454,64519.57586,134.5758564,198663.2281
3,1,21,1,1032.191322,831.5939734,10.13056262,2,203237464,3148.596781,64548.58406,163.5840591,515060.2419
3,1,21,1,1039.529365,964.5982221,16.24762796,1,522814575,8098.971082,64553.20926,168.2092567,1362321.905
3,1,21,1,1240.463743,221.8184073,6.886316072,1,93444617,1454.868767,64228.89754,-156.102457,-227108.5892
3,1,21,1,1607.246293,303.1070454,9.693703146,2,186558526,2882.898473,64712.13876,327.1387587,943107.8278
3,1,21,1,981.8772667,1305.416769,11.36467122,4,255540651,3962.448843,64490.58678,105.5867812,418382.2192
3,1,21,0,0,0,0,1,0,0,64385,0,0
3,1,21,0,0,0,0,1,0,0,64385,0,0
3,1,21,0,0,0,0,1,0,0,64385,0,0
3,1,21,0,0,0,0,1,0,0,64385,0,0
3,1,21,0,0,0,0,1,0,0,64385,0,0
3,1,21,0,0,0,0,1,0,0,64385,0,0
3,1,21,0,0,0,0,1,0,0,64385,0,0
3,1,21,0,0,0,0,1,0,0,64385,0,0
3,1,21,0,0,0,0,1,0,0,64385,0,0
3,1,21,0,0,0,0,1,0,0,64385,0,0
3,1,21,0,0,0,0,1,0,0,64385,0,0
3,1,21,0,0,0,0,1,0,0,64385,0,0
3,1,21,0,0,0,0,1,0,0,64385,0,0
3,1,21,0,0,0,0,1,0,0,64385,0,0
3,1,21,0,0,0,0,1,0,0,64385,0,0
3,1,21,0,0,0,0,1,0,0,64385,0,0
3,1,21,0,0,0,0,1,0,0,64385,0,0
3,1,21,0,0,0,0,1,0,0,64385,0,0
3,1,21,0,0,0,0,1,0,0,64385,0,0
3,1,21,0,0,0,0,1,0,0,64385,0,0
3,1,21,0,0,0,0,1,0,0,64385,0,0
3,1,21,0,0,0,0,1,0,0,64385,0,0
3,1,21,0,0,0,0,1,0,0,64385,0,0
3,1,21,0,0,0,0,1,0,0,64385,0,0
3,1,21,0,0,0,0,1,0,0,64385,0,0
3,1,21,0,0,0,0,1,0,0,64385,0,0
3,1,21,0,0,0,0,1,0,0,64385,0,0
3,1,21,0,0,0,0,1,0,0,64385,0,0
3,1,21,0,0,0,0,1,0,0,64385,0,0
3,1,21,0,0,0,0,1,0,0,64385,0,0
3,1,21,0,0,0,0,1,0,0,64385,0,0
3,1,21,0,0,0,0,1,0,0,64385,0,0
3,1,21,0,0,0,0,1,0,0,64385,0,0
3,1,21,0,0,0,0,1,0,0,64385,0,0
3,1,21,0,0,0,0,1,0,0,64385,0,0
3,1,21,0,0,0,0,1,0,0,64385,0,0
3,1,21,0,0,0,0,1,0,0,64385,0,0
3,1,21,0,0,0,0,1,0,0,64385,0,0
3,1,21,0,0,0,0,1,0,0,64385,0,0
3,1,21,0,0,0,0,1,0,0,64385,0,0
3,1,21,0,0,0,0,1,0,0,64385,0,0
3,1,21,0,0,0,0,1,0,0,64385,0,0
3,1,21,0,0,0,0,1,0,0,64385,0,0
3,1,21,0,0,0,0,1,0,0,64385,0,0
3,1,21,0,0,0,0,1,0,0,64385,0,0
3,1,21,0,0,0,0,1,0,0,64385,0,0
3,1,21,0,0,0,0,1,0,0,64385,0,0
3,1,21,0,0,0,0,1,0,0,64385,0,0
3,1,21,0,0,0,0,1,0,0,64385,0,0
3,1,21,0,0,0,0,1,0,0,64385,0,0
3,1,21,0,0,0,0,1,0,0,64385,0,0
3,1,21,0,0,0,0,1,0,0,64385,0,0
3,1,21,0,0,0,0,1,0,0,64385,0,0
3,1,21,0,0,0,0,1,0,0,64385,0,0
3,1,21,0,0,0,0,1,0,0,64385,0,0
3,1,21,0,0,0,0,1,0,0,64385,0,0
3,1,21,0,0,0,0,1,0,0,64385,0,0
3,1,21,0,0,0,0,1,0,0,64385,0,0
3,1,21,0,0,0,0,1,0,0,64385,0,0
3,1,21,0,0,0,0,1,0,0,64385,0,0
3,1,21,0,0,0,0,1,0,0,64385,0,0
3,1,21,0,0,0,0,1,0,0,64385,0,0
3,1,21,0,0,0,0,1,0,0,64385,0,0
3,0,21,1,2368.410498,662.0936894,9.42763831,1,176095239,2726.815419,64579.0829,195.0828997,531955.0588
3,0,21,1,433.1427203,340.5730226,11.15306994,2,246114884,3816.267138,64490.99999,106.9999925,408340.5551
3,0,21,1,524.7896121,194.3634369,13.06354641,1,338369596,5235.668019,64627.77907,243.7790666,1276346.262
3,0,21,1,1048.390336,1019.096812,11.40347984,2,257141779,3989.557366,64453.71139,69.7113872,278117.5783
3,0,21,1,707.1524402,156.1544834,10.17311223,1,204264223,3175.101311,64333.13554,-50.86445758,-161499.806
3,0,21,1,352.2758476,701.9604806,10.26729226,1,209026751,3234.161963,64630.88533,246.8853328,798467.1528
3,0,21,1,1555.861555,735.5542632,10.92412296,2,236210057,3661.196815,64517.16991,133.1699145,487561.2669
3,0,21,1,583.7839456,2083.813929,11.77606629,2,274286151,4254.518333,64469.37809,85.37808503,363242.628
3,0,21,1,38.04780953,946.122019,11.99737932,1,285362273,4415.935244,64621.02754,237.0275426,1046698.279
3,0,21,1,155.2210693,1926.211058,7.929934796,1,124285652,1929.252842,64421.65034,37.65033812,72637.02183
3,0,21,1,2100.853831,1666.985633,10.69556131,2,227417913,3509.595616,64798.89363,414.8936317,1456108.871
3,0,21,1,1882.473306,1781.166124,12.7658157,1,322997036,4999.73581,64602.82069,218.8206854,1094045.617
3,0,21,1,220.5521169,1219.920292,11.37703165,1,256324490,3971.072797,64547.9202,163.9202043,650939.0642
3,0,21,1,1867.963685,643.0916149,11.22022145,1,249355693,3862.3602,64560.44493,176.4449293,681493.8723
3,0,21,1,2029.842105,1587.720951,11.31650859,1,254044543,3928.934885,64659.90158,275.9015836,1083999.357
3,0,21,1,2046.650663,728.8099257,11.49705184,1,262005972,4055.299134,64608.29727,224.2972728,909592.5361
3,0,21,1,1091.402631,704.9083632,10.90732384,1,235154825,3649.94509,64426.94868,42.94867915,156760.3206
3,0,21,1,674.790262,1257.363651,11.49281673,1,262192988,4052.312026,64702.07287,318.0728712,1288930.521
3,0,21,1,576.0997024,1927.633579,8.295830199,2,136089289,2111.39566,64454.65982,70.65982196,149190.8414
3,0,21,1,313.0431855,1994.331884,7.822657634,2,121207082,1877.407562,64560.87878,176.8787794,332073.558
3,0,21,1,613.1686548,804.6192065,10.05894773,1,200210399,3104.238054,64495.82652,111.8265196,347136.1376
3,0,21,1,303.9651768,1228.347287,9.653759944,1,184639469,2859.189277,64577.56066,193.5606625,553426.5708
3,0,21,1,1775.452679,1293.501131,10.31260985,1,210500347,3262.774742,64515.74616,131.7461571,429858.0337
3,0,21,1,710.2399679,1554.417729,12.60549613,2,314797176,4874.945927,64574.49595,190.4959478,928657.4446
3,0,21,1,1825.60887,775.5853584,9.936940201,1,195114324,3029.390566,64407.12075,23.12075027,70041.78275
3,0,21,1,42.22227501,1482.164592,10.48857933,2,217663421,3375.073621,64491.45869,107.4586925,362680.9985
3,0,21,1,2108.272707,1008.775285,10.19553391,1,205940871,3189.112671,64576.22927,192.2292738,613040.8128
3,0,21,1,1437.400951,639.0615867,11.4101421,1,257827553,3994.22037,64550.15726,166.1572622,663668.7211
3,0,21,1,1796.715529,510.486429,8.652128628,2,148320527,2296.655474,64581.09572,197.0957194,452660.963
3,0,21,1,1731.335431,1403.506642,10.95903084,1,237961109,3684.632801,64582.04165,198.0416503,729710.7606
3,0,21,1,1660.246146,1842.709255,11.10596477,1,244159399,3784.099081,64522.4646,138.4645975,523963.756
3,0,21,1,1604.443903,985.3152115,7.410497276,1,108627484,1684.785515,64475.55671,91.55670505,154253.4105
3,0,21,1,247.187254,595.2661052,9.903781062,1,194509969,3009.206409,64638.29413,254.2941329,765223.5347
3,0,21,1,1259.018526,54.71008237,15.40426039,2,470299705,7280.004014,64601.57221,217.572213,1583926.584
3,0,21,1,1738.156305,496.2612361,5.458375695,1,58933097,914.064337,64473.68595,89.68594894,81978.72745
3,0,21,1,1457.48763,1383.031948,11.31412897,1,253457934,3927.282711,64537.7358,153.735804,603763.9649
3,0,21,1,821.9019156,194.0400425,11.45344681,1,259482902,4024.596294,64474.26848,90.26847673,363294.177
3,0,21,1,116.935621,283.6702202,6.321832739,2,79021362,1226.128306,64447.87353,63.87352976,78317.14285
3,0,21,1,374.0712229,771.4208837,10.26623026,1,208439424,3233.492944,64462.6191,78.61909694,254214.2952
3,0,21,1,2304.959547,218.4777469,6.637872521,1,86968513,1351.785337,64336.03815,-47.96185439,-64834.13149
3,0,21,1,496.2251769,2113.099,13.42348139,2,356738909,5528.155445,64531.27314,147.2731419,814148.8212
3,0,21,1,489.5591648,1555.83057,9.165724844,2,166244155,2577.410225,64500.46383,116.4638283,300175.0618
3,0,21,1,1591.908474,462.1227226,11.72538698,1,272436960,4217.977762,64589.47282,205.4728228,866679.7972
3,0,21,1,2251.946728,408.8103367,11.30325488,1,253368984,3919.737263,64639.27732,255.277323,1000620.035
3,0,21,1,2374.524455,221.855636,11.93373416,1,281767885,4369.207133,64489.47748,105.4774799,460852.9576
3,0,21,1,1289.275504,1209.109617,6.780624682,1,91009676,1410.552738,64520.57659,136.5765911,192648.4845
3,0,21,1,1392.001867,1093.838844,9.813030157,1,190674444,2954.310806,64541.09148,157.0914774,464097.0492
3,0,21,1,334.4988432,81.40660093,15.82225532,2,494228686,7680.450468,64348.91912,-35.08087709,-269436.9389
3,0,21,1,79.82775515,1445.237269,9.527605594,1,179515834,2784.950353,64459.25823,75.25823357,209590.4442
3,0,21,1,421.6648434,732.1097515,8.596623139,1,146214785,2267.282798,64488.99324,104.993236,238049.3577
3,0,21,1,2352.775785,238.1403082,6.651743061,1,87195079,1357.440638,64234.91133,-149.0886677,-202379.0162
3,0,21,1,282.2710183,2127.192255,9.273506619,1,170148589,2638.383295,64489.71585,105.7158451,278918.9197
3,0,21,1,1241.290304,1580.866116,13.23620124,2,346728152,5374.977358,64507.83489,123.8348947,665609.7549
3,0,21,1,579.8262193,1810.169285,5.25731296,1,55114852,847.9643173,64996.66422,612.6642162,519517.3938
3,0,21,1,497.5618146,1797.652835,8.910410696,1,157777100,2435.820941,64773.68568,389.6856768,949204.5321
3,0,21,1,1669.727856,984.8188488,9.915565239,1,194758746,3016.371777,64567.22194,183.2219407,552665.4909
3,0,21,1,285.1085399,949.8379126,11.73670929,1,272397084,4226.127651,64455.47946,71.47946436,302081.3408
3,0,21,1,2177.012927,617.5342111,5.278455037,1,54710319,854.798141,64003.788,-380.2119964,-325004.5077
3,0,21,1,1609.948195,845.053956,10.65361697,1,224959063,3482.12272,64604.00195,220.001952,766073.7954
3,0,21,1,1501.933938,1106.003586,10.53223001,1,219027701,3403.224395,64358.87723,-25.12277099,-85498.4271
3,0,21,1,827.3134951,1255.722725,6.438335947,1,81906325,1271.736641,64405.0996,21.09959957,26833.13388
3,0,21,1,2275.307369,475.2323283,9.647107029,1,184504883,2855.249799,64619.52402,235.5240247,672479.9243
3,0,21,1,1256.688839,1350.439686,7.337317115,1,106735658,1651.674618,64622.6907,238.6907011,394239.3727
3,0,21,1,1365.058057,811.4316987,6.501283057,1,83636950,1296.725544,64498.57518,114.5751821,148572.5654
3,0,21,1,1655.363809,1182.804449,10.94523971,1,236833700,3675.36496,64438.14493,54.14493219,199002.3866
3,0,21,1,1993.297951,390.1796219,11.97352725,1,283840740,4398.393999,64532.81359,148.8135882,654540.7932
3,0,21,1,936.0528725,848.3568963,9.281262449,1,170586735,2642.798327,64547.76866,163.768662,432807.5459
3,0,21,1,423.0839033,1236.833086,11.64392028,1,268893845,4159.569285,64644.63664,260.636643,1084136.175
3,0,21,1,1707.5143,177.5257389,11.80500928,1,275693159,4275.457385,64482.72879,98.72878873,422110.7289
3,0,21,1,1641.839083,806.9754389,12.78640591,2,323335865,5015.877142,64462.47702,78.47701772,393631.0794
3,0,21,1,2068.070907,1314.479568,9.151983184,1,165316356,2569.687684,64333.24837,-50.75162519,-130415.8262
3,0,21,1,2126.581546,1807.458844,8.247169443,1,134943108,2086.698726,64668.22752,284.2275158,593097.1953
3,0,21,1,1857.96382,1424.468093,12.61046583,1,314829218,4878.790566,64530.17684,146.1768417,713166.1961
3,0,21,1,1337.15492,1511.257529,7.649438022,1,115619518,1795.184032,64405.38461,21.38460999,38389.31038
3,0,21,1,1184.025581,1063.412423,11.64451435,1,267847668,4159.99374,64386.55555,2.555550196,10631.07282
3,0,21,1,1548.865597,1130.452847,7.598177589,1,114057012,1771.204863,64395.15518,11.15517756,19758.10474
3,0,21,0,0,0,0,1,0,0,64384,0,0
3,0,21,0,0,0,0,1,0,0,64384,0,0
3,0,21,0,0,0,0,1,0,0,64384,0,0
3,0,21,0,0,0,0,1,0,0,64384,0,0
3,0,21,0,0,0,0,1,0,0,64384,0,0
3,0,21,0,0,0,0,1,0,0,64384,0,0
3,0,21,0,0,0,0,1,0,0,64384,0,0
3,0,21,0,0,0,0,1,0,0,64384,0,0
3,0,21,0,0,0,0,1,0,0,64384,0,0
3,0,21,0,0,0,0,1,0,0,64384,0,0
3,0,21,0,0,0,0,1,0,0,64384,0,0
3,0,21,0,0,0,0,1,0,0,64384,0,0
3,0,21,0,0,0,0,1,0,0,64384,0,0
3,0,21,0,0,0,0,1,0,0,64384,0,0
3,0,21,0,0,0,0,1,0,0,64384,0,0
3,0,21,0,0,0,0,1,0,0,64384,0,0
3,0,21,0,0,0,0,1,0,0,64384,0,0
3,0,21,0,0,0,0,1,0,0,64384,0,0
3,0,21,0,0,0,0,1,0,0,64384,0,0
3,0,21,0,0,0,0,1,0,0,64384,0,0
3,0,21,0,0,0,0,1,0,0,64384,0,0
3,0,21,0,0,0,0,1,0,0,64384,0,0
3,0,21,0,0,0,0,1,0,0,64384,0,0
3,0,21,0,0,0,0,1,0,0,64384,0,0
3,0,21,0,0,0,0,1,0,0,64384,0,0
3,0,21,0,0,0,0,1,0,0,64384,0,0
3,0,21,0,0,0,0,1,0,0,64384,0,0
3,0,21,0,0,0,0,1,0,0,64384,0,0
3,0,21,0,0,0,0,1,0,0,64384,0,0
3,0,21,0,0,0,0,1,0,0,64384,0,0
3,0,21,0,0,0,0,1,0,0,64384,0,0
3,0,21,0,0,0,0,1,0,0,64384,0,0
3,0,21,0,0,0,0,1,0,0,64384,0,0
3,0,21,0,0,0,0,1,0,0,64384,0,0
3,0,21,0,0,0,0,1,0,0,64384,0,0
3,0,21,0,0,0,0,1,0,0,64384,0,0
3,0,21,0,0,0,0,1,0,0,64384,0,0
3,0,21,0,0,0,0,1,0,0,64384,0,0
3,0,21,0,0,0,0,1,0,0,64384,0,0
3,0,21,0,0,0,0,1,0,0,64384,0,0
3,0,21,0,0,0,0,1,0,0,64384,0,0
3,0,21,0,0,0,0,1,0,0,64384,0,0
3,0,21,0,0,0,0,1,0,0,64384,0,0
3,0,21,0,0,0,0,1,0,0,64384,0,0
3,0,21,0,0,0,0,1,0,0,64384,0,0
3,0,21,0,0,0,0,1,0,0,64384,0,0
3,0,21,0,0,0,0,1,0,0,64384,0,0
3,0,21,0,0,0,0,1,0,0,64384,0,0
3,0,21,0,0,0,0,1,0,0,64384,0,0
3,0,21,0,0,0,0,1,0,0,64384,0,0
3,0,21,0,0,0,0,1,0,0,64384,0,0
3,0,21,0,0,0,0,1,0,0,64384,0,0
3,0,21,0,0,0,0,1,0,0,64384,0,0
3,0,21,0,0,0,0,1,0,0,64384,0,0
3,0,21,0,0,0,0,1,0,0,64384,0,0
3,0,21,0,0,0,0,1,0,0,64384,0,0
3,0,21,0,0,0,0,1,0,0,64384,0,0
3,0,21,0,0,0,0,1,0,0,64384,0,0
3,0,21,0,0,0,0,1,0,0,64384,0,0
3,0,21,0,0,0,0,1,0,0,64384,0,0
3,0,21,0,0,0,0,1,0,0,64384,0,0
3,0,21,0,0,0,0,1,0,0,64384,0,0
3,0,21,0,0,0,0,1,0,0,64384,0,0
3,0,21,0,0,0,0,1,0,0,64384,0,0
3,0,21,0,0,0,0,1,0,0,64384,0,0
3,0,21,0,0,0,0,1,0,0,64384,0,0
